﻿{"data":[{"Properties":{"domain":"MEGABANK.LOCAL","name":"SOM@MEGABANK.LOCAL","distinguishedname":"CN=SOM,CN=WMIPOLICY,CN=SYSTEM,DC=MEGABANK,DC=LOCAL","domainsid":"S-1-5-21-391775091-850290835-3566037492","highvalue":false},"ChildObjects":[],"Aces":[{"PrincipalSID":"S-1-5-21-391775091-850290835-3566037492-512","PrincipalType":"Group","RightName":"Owns","IsInherited":false},{"PrincipalSID":"S-1-5-21-391775091-850290835-3566037492-512","PrincipalType":"Group","RightName":"GenericAll","IsInherited":false},{"PrincipalSID":"S-1-5-21-391775091-850290835-3566037492-519","PrincipalType":"Group","RightName":"GenericAll","IsInherited":false}],"ObjectIdentifier":"10458E40-8D22-4331-BCFD-01F1ED9509E2","IsDeleted":false,"IsACLProtected":true},{"Properties":{"domain":"MEGABANK.LOCAL","name":"POLICYTEMPLATE@MEGABANK.LOCAL","distinguishedname":"CN=POLICYTEMPLATE,CN=WMIPOLICY,CN=SYSTEM,DC=MEGABANK,DC=LOCAL","domainsid":"S-1-5-21-391775091-850290835-3566037492","highvalue":false},"ChildObjects":[],"Aces":[{"PrincipalSID":"S-1-5-21-391775091-850290835-3566037492-512","PrincipalType":"Group","RightName":"Owns","IsInherited":false},{"PrincipalSID":"S-1-5-21-391775091-850290835-3566037492-512","PrincipalType":"Group","RightName":"WriteDacl","IsInherited":false},{"PrincipalSID":"S-1-5-21-391775091-850290835-3566037492-512","PrincipalType":"Group","RightName":"WriteOwner","IsInherited":false},{"PrincipalSID":"S-1-5-21-391775091-850290835-3566037492-519","PrincipalType":"Group","RightName":"GenericAll","IsInherited":true},{"PrincipalSID":"S-1-5-21-391775091-850290835-3566037492-512","PrincipalType":"Group","RightName":"GenericAll","IsInherited":true}],"ObjectIdentifier":"D4269948-B165-4B10-A4D2-5FAE1A4D75D8","IsDeleted":false,"IsACLProtected":false},{"Properties":{"domain":"MEGABANK.LOCAL","name":"WMIGPO@MEGABANK.LOCAL","distinguishedname":"CN=WMIGPO,CN=WMIPOLICY,CN=SYSTEM,DC=MEGABANK,DC=LOCAL","domainsid":"S-1-5-21-391775091-850290835-3566037492","highvalue":false},"ChildObjects":[],"Aces":[{"PrincipalSID":"S-1-5-21-391775091-850290835-3566037492-512","PrincipalType":"Group","RightName":"Owns","IsInherited":false},{"PrincipalSID":"S-1-5-21-391775091-850290835-3566037492-512","PrincipalType":"Group","RightName":"WriteDacl","IsInherited":false},{"PrincipalSID":"S-1-5-21-391775091-850290835-3566037492-512","PrincipalType":"Group","RightName":"WriteOwner","IsInherited":false},{"PrincipalSID":"S-1-5-21-391775091-850290835-3566037492-519","PrincipalType":"Group","RightName":"GenericAll","IsInherited":true},{"PrincipalSID":"S-1-5-21-391775091-850290835-3566037492-512","PrincipalType":"Group","RightName":"GenericAll","IsInherited":true}],"ObjectIdentifier":"501199D5-DCCA-4BBC-A05A-B8AC0C2AC71E","IsDeleted":false,"IsACLProtected":false},{"Properties":{"domain":"MEGABANK.LOCAL","name":"WMIPOLICY@MEGABANK.LOCAL","distinguishedname":"CN=WMIPOLICY,CN=SYSTEM,DC=MEGABANK,DC=LOCAL","domainsid":"S-1-5-21-391775091-850290835-3566037492","highvalue":false},"ChildObjects":[],"Aces":[{"PrincipalSID":"S-1-5-21-391775091-850290835-3566037492-512","PrincipalType":"Group","RightName":"Owns","IsInherited":false},{"PrincipalSID":"S-1-5-21-391775091-850290835-3566037492-512","PrincipalType":"Group","RightName":"GenericAll","IsInherited":false},{"PrincipalSID":"S-1-5-21-391775091-850290835-3566037492-519","PrincipalType":"Group","RightName":"GenericAll","IsInherited":false}],"ObjectIdentifier":"80D54150-A0EC-4E7F-B1FC-AE65FD60744E","IsDeleted":false,"IsACLProtected":true},{"Properties":{"domain":"MEGABANK.LOCAL","name":"FOREIGNSECURITYPRINCIPALS@MEGABANK.LOCAL","distinguishedname":"CN=FOREIGNSECURITYPRINCIPALS,DC=MEGABANK,DC=LOCAL","domainsid":"S-1-5-21-391775091-850290835-3566037492","highvalue":false},"ChildObjects":[],"Aces":[{"PrincipalSID":"S-1-5-21-391775091-850290835-3566037492-512","PrincipalType":"Group","RightName":"Owns","IsInherited":false},{"PrincipalSID":"S-1-5-21-391775091-850290835-3566037492-512","PrincipalType":"Group","RightName":"GenericAll","IsInherited":false},{"PrincipalSID":"S-1-5-21-391775091-850290835-3566037492-519","PrincipalType":"Group","RightName":"GenericAll","IsInherited":true},{"PrincipalSID":"MEGABANK.LOCAL-S-1-5-32-544","PrincipalType":"Group","RightName":"WriteDacl","IsInherited":true},{"PrincipalSID":"MEGABANK.LOCAL-S-1-5-32-544","PrincipalType":"Group","RightName":"WriteOwner","IsInherited":true}],"ObjectIdentifier":"80B1280A-4604-4CBB-8EB1-B05DDA0BA6CC","IsDeleted":false,"IsACLProtected":false},{"Properties":{"domain":"MEGABANK.LOCAL","name":"PSPS@MEGABANK.LOCAL","distinguishedname":"CN=PSPS,CN=SYSTEM,DC=MEGABANK,DC=LOCAL","domainsid":"S-1-5-21-391775091-850290835-3566037492","highvalue":false},"ChildObjects":[],"Aces":[{"PrincipalSID":"S-1-5-21-391775091-850290835-3566037492-512","PrincipalType":"Group","RightName":"Owns","IsInherited":false},{"PrincipalSID":"S-1-5-21-391775091-850290835-3566037492-512","PrincipalType":"Group","RightName":"GenericAll","IsInherited":false},{"PrincipalSID":"S-1-5-21-391775091-850290835-3566037492-519","PrincipalType":"Group","RightName":"GenericAll","IsInherited":true},{"PrincipalSID":"MEGABANK.LOCAL-S-1-5-32-544","PrincipalType":"Group","RightName":"WriteDacl","IsInherited":true},{"PrincipalSID":"MEGABANK.LOCAL-S-1-5-32-544","PrincipalType":"Group","RightName":"WriteOwner","IsInherited":true}],"ObjectIdentifier":"8C6603E8-FF38-4BDF-8BFE-88C9DCADEC83","IsDeleted":false,"IsACLProtected":false},{"Properties":{"domain":"MEGABANK.LOCAL","name":"COMPARTITIONSETS@MEGABANK.LOCAL","distinguishedname":"CN=COMPARTITIONSETS,CN=SYSTEM,DC=MEGABANK,DC=LOCAL","domainsid":"S-1-5-21-391775091-850290835-3566037492","highvalue":false},"ChildObjects":[],"Aces":[{"PrincipalSID":"S-1-5-21-391775091-850290835-3566037492-512","PrincipalType":"Group","RightName":"Owns","IsInherited":false},{"PrincipalSID":"S-1-5-21-391775091-850290835-3566037492-512","PrincipalType":"Group","RightName":"WriteDacl","IsInherited":false},{"PrincipalSID":"S-1-5-21-391775091-850290835-3566037492-512","PrincipalType":"Group","RightName":"WriteOwner","IsInherited":false},{"PrincipalSID":"S-1-5-21-391775091-850290835-3566037492-519","PrincipalType":"Group","RightName":"GenericAll","IsInherited":true},{"PrincipalSID":"MEGABANK.LOCAL-S-1-5-32-544","PrincipalType":"Group","RightName":"WriteDacl","IsInherited":true},{"PrincipalSID":"MEGABANK.LOCAL-S-1-5-32-544","PrincipalType":"Group","RightName":"WriteOwner","IsInherited":true}],"ObjectIdentifier":"317C6C46-3218-411F-AF63-5BEB0594C55D","IsDeleted":false,"IsACLProtected":false},{"Properties":{"domain":"MEGABANK.LOCAL","name":"COMPUTERS@MEGABANK.LOCAL","distinguishedname":"CN=COMPUTERS,DC=MEGABANK,DC=LOCAL","domainsid":"S-1-5-21-391775091-850290835-3566037492","highvalue":false},"ChildObjects":[{"ObjectIdentifier":"S-1-5-21-391775091-850290835-3566037492-5601","ObjectType":"Computer"}],"Aces":[{"PrincipalSID":"S-1-5-21-391775091-850290835-3566037492-512","PrincipalType":"Group","RightName":"Owns","IsInherited":false},{"PrincipalSID":"S-1-5-21-391775091-850290835-3566037492-512","PrincipalType":"Group","RightName":"WriteDacl","IsInherited":false},{"PrincipalSID":"S-1-5-21-391775091-850290835-3566037492-512","PrincipalType":"Group","RightName":"WriteOwner","IsInherited":false},{"PrincipalSID":"S-1-5-21-391775091-850290835-3566037492-519","PrincipalType":"Group","RightName":"GenericAll","IsInherited":true},{"PrincipalSID":"MEGABANK.LOCAL-S-1-5-32-544","PrincipalType":"Group","RightName":"WriteDacl","IsInherited":true},{"PrincipalSID":"MEGABANK.LOCAL-S-1-5-32-544","PrincipalType":"Group","RightName":"WriteOwner","IsInherited":true}],"ObjectIdentifier":"E1361E19-2748-4173-B494-5C927703423B","IsDeleted":false,"IsACLProtected":false},{"Properties":{"domain":"MEGABANK.LOCAL","name":"COMPARTITIONS@MEGABANK.LOCAL","distinguishedname":"CN=COMPARTITIONS,CN=SYSTEM,DC=MEGABANK,DC=LOCAL","domainsid":"S-1-5-21-391775091-850290835-3566037492","highvalue":false},"ChildObjects":[],"Aces":[{"PrincipalSID":"S-1-5-21-391775091-850290835-3566037492-512","PrincipalType":"Group","RightName":"Owns","IsInherited":false},{"PrincipalSID":"S-1-5-21-391775091-850290835-3566037492-512","PrincipalType":"Group","RightName":"WriteDacl","IsInherited":false},{"PrincipalSID":"S-1-5-21-391775091-850290835-3566037492-512","PrincipalType":"Group","RightName":"WriteOwner","IsInherited":false},{"PrincipalSID":"S-1-5-21-391775091-850290835-3566037492-519","PrincipalType":"Group","RightName":"GenericAll","IsInherited":true},{"PrincipalSID":"MEGABANK.LOCAL-S-1-5-32-544","PrincipalType":"Group","RightName":"WriteDacl","IsInherited":true},{"PrincipalSID":"MEGABANK.LOCAL-S-1-5-32-544","PrincipalType":"Group","RightName":"WriteOwner","IsInherited":true}],"ObjectIdentifier":"6281674C-EDE0-4C52-8BA4-5D2386FCC555","IsDeleted":false,"IsACLProtected":false},{"Properties":{"domain":"MEGABANK.LOCAL","name":"PROGRAM DATA@MEGABANK.LOCAL","distinguishedname":"CN=PROGRAM DATA,DC=MEGABANK,DC=LOCAL","domainsid":"S-1-5-21-391775091-850290835-3566037492","highvalue":false},"ChildObjects":[],"Aces":[{"PrincipalSID":"S-1-5-21-391775091-850290835-3566037492-512","PrincipalType":"Group","RightName":"Owns","IsInherited":false},{"PrincipalSID":"S-1-5-21-391775091-850290835-3566037492-512","PrincipalType":"Group","RightName":"GenericAll","IsInherited":false},{"PrincipalSID":"S-1-5-21-391775091-850290835-3566037492-519","PrincipalType":"Group","RightName":"GenericAll","IsInherited":true},{"PrincipalSID":"MEGABANK.LOCAL-S-1-5-32-544","PrincipalType":"Group","RightName":"WriteDacl","IsInherited":true},{"PrincipalSID":"MEGABANK.LOCAL-S-1-5-32-544","PrincipalType":"Group","RightName":"WriteOwner","IsInherited":true}],"ObjectIdentifier":"22A15D25-0DF9-42F6-A776-034EB757E150","IsDeleted":false,"IsACLProtected":false},{"Properties":{"domain":"MEGABANK.LOCAL","name":"MICROSOFT@MEGABANK.LOCAL","distinguishedname":"CN=MICROSOFT,CN=PROGRAM DATA,DC=MEGABANK,DC=LOCAL","domainsid":"S-1-5-21-391775091-850290835-3566037492","highvalue":false},"ChildObjects":[],"Aces":[{"PrincipalSID":"S-1-5-21-391775091-850290835-3566037492-512","PrincipalType":"Group","RightName":"Owns","IsInherited":false},{"PrincipalSID":"S-1-5-21-391775091-850290835-3566037492-512","PrincipalType":"Group","RightName":"GenericAll","IsInherited":false},{"PrincipalSID":"S-1-5-21-391775091-850290835-3566037492-519","PrincipalType":"Group","RightName":"GenericAll","IsInherited":true},{"PrincipalSID":"MEGABANK.LOCAL-S-1-5-32-544","PrincipalType":"Group","RightName":"WriteDacl","IsInherited":true},{"PrincipalSID":"MEGABANK.LOCAL-S-1-5-32-544","PrincipalType":"Group","RightName":"WriteOwner","IsInherited":true}],"ObjectIdentifier":"D3A156A5-DCC8-4A6C-B34E-3F45C6122F5B","IsDeleted":false,"IsACLProtected":false},{"Properties":{"domain":"MEGABANK.LOCAL","name":"WINSOCKSERVICES@MEGABANK.LOCAL","distinguishedname":"CN=WINSOCKSERVICES,CN=SYSTEM,DC=MEGABANK,DC=LOCAL","domainsid":"S-1-5-21-391775091-850290835-3566037492","highvalue":false},"ChildObjects":[],"Aces":[{"PrincipalSID":"S-1-5-21-391775091-850290835-3566037492-512","PrincipalType":"Group","RightName":"Owns","IsInherited":false},{"PrincipalSID":"S-1-5-21-391775091-850290835-3566037492-512","PrincipalType":"Group","RightName":"WriteDacl","IsInherited":false},{"PrincipalSID":"S-1-5-21-391775091-850290835-3566037492-512","PrincipalType":"Group","RightName":"WriteOwner","IsInherited":false},{"PrincipalSID":"S-1-5-21-391775091-850290835-3566037492-519","PrincipalType":"Group","RightName":"GenericAll","IsInherited":true},{"PrincipalSID":"MEGABANK.LOCAL-S-1-5-32-544","PrincipalType":"Group","RightName":"WriteDacl","IsInherited":true},{"PrincipalSID":"MEGABANK.LOCAL-S-1-5-32-544","PrincipalType":"Group","RightName":"WriteOwner","IsInherited":true}],"ObjectIdentifier":"D0A3D233-862C-4D77-8868-10E1EA567212","IsDeleted":false,"IsACLProtected":false},{"Properties":{"domain":"MEGABANK.LOCAL","name":"RPCSERVICES@MEGABANK.LOCAL","distinguishedname":"CN=RPCSERVICES,CN=SYSTEM,DC=MEGABANK,DC=LOCAL","domainsid":"S-1-5-21-391775091-850290835-3566037492","highvalue":false},"ChildObjects":[],"Aces":[{"PrincipalSID":"S-1-5-21-391775091-850290835-3566037492-512","PrincipalType":"Group","RightName":"Owns","IsInherited":false},{"PrincipalSID":"S-1-5-21-391775091-850290835-3566037492-512","PrincipalType":"Group","RightName":"WriteDacl","IsInherited":false},{"PrincipalSID":"S-1-5-21-391775091-850290835-3566037492-512","PrincipalType":"Group","RightName":"WriteOwner","IsInherited":false},{"PrincipalSID":"S-1-5-21-391775091-850290835-3566037492-519","PrincipalType":"Group","RightName":"GenericAll","IsInherited":true},{"PrincipalSID":"MEGABANK.LOCAL-S-1-5-32-544","PrincipalType":"Group","RightName":"WriteDacl","IsInherited":true},{"PrincipalSID":"MEGABANK.LOCAL-S-1-5-32-544","PrincipalType":"Group","RightName":"WriteOwner","IsInherited":true}],"ObjectIdentifier":"5FD7AAD9-752B-4BDA-87D0-0277C33DCA49","IsDeleted":false,"IsACLProtected":false},{"Properties":{"domain":"MEGABANK.LOCAL","name":"POLICYTYPE@MEGABANK.LOCAL","distinguishedname":"CN=POLICYTYPE,CN=WMIPOLICY,CN=SYSTEM,DC=MEGABANK,DC=LOCAL","domainsid":"S-1-5-21-391775091-850290835-3566037492","highvalue":false},"ChildObjects":[],"Aces":[{"PrincipalSID":"S-1-5-21-391775091-850290835-3566037492-512","PrincipalType":"Group","RightName":"Owns","IsInherited":false},{"PrincipalSID":"S-1-5-21-391775091-850290835-3566037492-512","PrincipalType":"Group","RightName":"WriteDacl","IsInherited":false},{"PrincipalSID":"S-1-5-21-391775091-850290835-3566037492-512","PrincipalType":"Group","RightName":"WriteOwner","IsInherited":false},{"PrincipalSID":"S-1-5-21-391775091-850290835-3566037492-519","PrincipalType":"Group","RightName":"GenericAll","IsInherited":true},{"PrincipalSID":"S-1-5-21-391775091-850290835-3566037492-512","PrincipalType":"Group","RightName":"GenericAll","IsInherited":true}],"ObjectIdentifier":"4142ED07-7A00-4F0B-AE9D-A0DE7846CEB4","IsDeleted":false,"IsACLProtected":false},{"Properties":{"domain":"MEGABANK.LOCAL","name":"RAS AND IAS SERVERS ACCESS CHECK@MEGABANK.LOCAL","distinguishedname":"CN=RAS AND IAS SERVERS ACCESS CHECK,CN=SYSTEM,DC=MEGABANK,DC=LOCAL","domainsid":"S-1-5-21-391775091-850290835-3566037492","highvalue":false},"ChildObjects":[],"Aces":[{"PrincipalSID":"S-1-5-21-391775091-850290835-3566037492-512","PrincipalType":"Group","RightName":"Owns","IsInherited":false},{"PrincipalSID":"S-1-5-21-391775091-850290835-3566037492-553","PrincipalType":"Group","RightName":"WriteDacl","IsInherited":false},{"PrincipalSID":"S-1-5-21-391775091-850290835-3566037492-553","PrincipalType":"Group","RightName":"WriteOwner","IsInherited":false},{"PrincipalSID":"S-1-5-21-391775091-850290835-3566037492-519","PrincipalType":"Group","RightName":"GenericAll","IsInherited":true},{"PrincipalSID":"MEGABANK.LOCAL-S-1-5-32-544","PrincipalType":"Group","RightName":"WriteDacl","IsInherited":true},{"PrincipalSID":"MEGABANK.LOCAL-S-1-5-32-544","PrincipalType":"Group","RightName":"WriteOwner","IsInherited":true}],"ObjectIdentifier":"D3283977-1EDE-47CA-8D75-B9EBBF833456","IsDeleted":false,"IsACLProtected":false},{"Properties":{"domain":"MEGABANK.LOCAL","name":"ADMINSDHOLDER@MEGABANK.LOCAL","distinguishedname":"CN=ADMINSDHOLDER,CN=SYSTEM,DC=MEGABANK,DC=LOCAL","domainsid":"S-1-5-21-391775091-850290835-3566037492","highvalue":false},"ChildObjects":[],"Aces":[{"PrincipalSID":"S-1-5-21-391775091-850290835-3566037492-512","PrincipalType":"Group","RightName":"Owns","IsInherited":false},{"PrincipalSID":"MEGABANK.LOCAL-S-1-5-32-544","PrincipalType":"Group","RightName":"WriteDacl","IsInherited":false},{"PrincipalSID":"MEGABANK.LOCAL-S-1-5-32-544","PrincipalType":"Group","RightName":"WriteOwner","IsInherited":false},{"PrincipalSID":"S-1-5-21-391775091-850290835-3566037492-512","PrincipalType":"Group","RightName":"WriteDacl","IsInherited":false},{"PrincipalSID":"S-1-5-21-391775091-850290835-3566037492-512","PrincipalType":"Group","RightName":"WriteOwner","IsInherited":false},{"PrincipalSID":"S-1-5-21-391775091-850290835-3566037492-519","PrincipalType":"Group","RightName":"WriteDacl","IsInherited":false},{"PrincipalSID":"S-1-5-21-391775091-850290835-3566037492-519","PrincipalType":"Group","RightName":"WriteOwner","IsInherited":false}],"ObjectIdentifier":"25C2A87A-7B25-45A7-9F49-F2DCD71FDA76","IsDeleted":false,"IsACLProtected":true},{"Properties":{"domain":"MEGABANK.LOCAL","name":"SYSTEM@MEGABANK.LOCAL","distinguishedname":"CN=SYSTEM,DC=MEGABANK,DC=LOCAL","domainsid":"S-1-5-21-391775091-850290835-3566037492","highvalue":false},"ChildObjects":[],"Aces":[{"PrincipalSID":"S-1-5-21-391775091-850290835-3566037492-512","PrincipalType":"Group","RightName":"Owns","IsInherited":false},{"PrincipalSID":"S-1-5-21-391775091-850290835-3566037492-512","PrincipalType":"Group","RightName":"WriteDacl","IsInherited":false},{"PrincipalSID":"S-1-5-21-391775091-850290835-3566037492-512","PrincipalType":"Group","RightName":"WriteOwner","IsInherited":false},{"PrincipalSID":"S-1-5-21-391775091-850290835-3566037492-519","PrincipalType":"Group","RightName":"GenericAll","IsInherited":true},{"PrincipalSID":"MEGABANK.LOCAL-S-1-5-32-544","PrincipalType":"Group","RightName":"WriteDacl","IsInherited":true},{"PrincipalSID":"MEGABANK.LOCAL-S-1-5-32-544","PrincipalType":"Group","RightName":"WriteOwner","IsInherited":true}],"ObjectIdentifier":"D4BEF305-E1C7-4422-8200-CBBDB1E75A6C","IsDeleted":false,"IsACLProtected":false},{"Properties":{"domain":"MEGABANK.LOCAL","name":"POLICIES@MEGABANK.LOCAL","distinguishedname":"CN=POLICIES,CN=SYSTEM,DC=MEGABANK,DC=LOCAL","domainsid":"S-1-5-21-391775091-850290835-3566037492","highvalue":false},"ChildObjects":[],"Aces":[{"PrincipalSID":"S-1-5-21-391775091-850290835-3566037492-512","PrincipalType":"Group","RightName":"Owns","IsInherited":false},{"PrincipalSID":"S-1-5-21-391775091-850290835-3566037492-512","PrincipalType":"Group","RightName":"WriteDacl","IsInherited":false},{"PrincipalSID":"S-1-5-21-391775091-850290835-3566037492-512","PrincipalType":"Group","RightName":"WriteOwner","IsInherited":false},{"PrincipalSID":"S-1-5-21-391775091-850290835-3566037492-519","PrincipalType":"Group","RightName":"GenericAll","IsInherited":true},{"PrincipalSID":"MEGABANK.LOCAL-S-1-5-32-544","PrincipalType":"Group","RightName":"WriteDacl","IsInherited":true},{"PrincipalSID":"MEGABANK.LOCAL-S-1-5-32-544","PrincipalType":"Group","RightName":"WriteOwner","IsInherited":true}],"ObjectIdentifier":"25BD6DEB-6A8E-4C4E-9A91-10412DA7E3D6","IsDeleted":false,"IsACLProtected":false},{"Properties":{"domain":"MEGABANK.LOCAL","name":"USERS@MEGABANK.LOCAL","distinguishedname":"CN=USERS,DC=MEGABANK,DC=LOCAL","domainsid":"S-1-5-21-391775091-850290835-3566037492","highvalue":false},"ChildObjects":[{"ObjectIdentifier":"S-1-5-21-391775091-850290835-3566037492-1104","ObjectType":"User"},{"ObjectIdentifier":"S-1-5-21-391775091-850290835-3566037492-500","ObjectType":"User"},{"ObjectIdentifier":"S-1-5-21-391775091-850290835-3566037492-1105","ObjectType":"Group"},{"ObjectIdentifier":"S-1-5-21-391775091-850290835-3566037492-1107","ObjectType":"Group"},{"ObjectIdentifier":"S-1-5-21-391775091-850290835-3566037492-1106","ObjectType":"Group"},{"ObjectIdentifier":"S-1-5-21-391775091-850290835-3566037492-1108","ObjectType":"Group"},{"ObjectIdentifier":"S-1-5-21-391775091-850290835-3566037492-571","ObjectType":"Group"},{"ObjectIdentifier":"S-1-5-21-391775091-850290835-3566037492-517","ObjectType":"Group"},{"ObjectIdentifier":"S-1-5-21-391775091-850290835-3566037492-522","ObjectType":"Group"},{"ObjectIdentifier":"S-1-5-21-391775091-850290835-3566037492-572","ObjectType":"Group"},{"ObjectIdentifier":"S-1-5-21-391775091-850290835-3566037492-1101","ObjectType":"Group"},{"ObjectIdentifier":"S-1-5-21-391775091-850290835-3566037492-1102","ObjectType":"Group"},{"ObjectIdentifier":"S-1-5-21-391775091-850290835-3566037492-512","ObjectType":"Group"},{"ObjectIdentifier":"S-1-5-21-391775091-850290835-3566037492-515","ObjectType":"Group"},{"ObjectIdentifier":"S-1-5-21-391775091-850290835-3566037492-516","ObjectType":"Group"},{"ObjectIdentifier":"S-1-5-21-391775091-850290835-3566037492-514","ObjectType":"Group"},{"ObjectIdentifier":"S-1-5-21-391775091-850290835-3566037492-513","ObjectType":"Group"},{"ObjectIdentifier":"S-1-5-21-391775091-850290835-3566037492-519","ObjectType":"Group"},{"ObjectIdentifier":"S-1-5-21-391775091-850290835-3566037492-527","ObjectType":"Group"},{"ObjectIdentifier":"S-1-5-21-391775091-850290835-3566037492-498","ObjectType":"Group"},{"ObjectIdentifier":"S-1-5-21-391775091-850290835-3566037492-520","ObjectType":"Group"},{"ObjectIdentifier":"S-1-5-21-391775091-850290835-3566037492-501","ObjectType":"User"},{"ObjectIdentifier":"S-1-5-21-391775091-850290835-3566037492-526","ObjectType":"Group"},{"ObjectIdentifier":"S-1-5-21-391775091-850290835-3566037492-502","ObjectType":"User"},{"ObjectIdentifier":"S-1-5-21-391775091-850290835-3566037492-525","ObjectType":"Group"},{"ObjectIdentifier":"S-1-5-21-391775091-850290835-3566037492-553","ObjectType":"Group"},{"ObjectIdentifier":"S-1-5-21-391775091-850290835-3566037492-521","ObjectType":"Group"},{"ObjectIdentifier":"S-1-5-21-391775091-850290835-3566037492-518","ObjectType":"Group"},{"ObjectIdentifier":"S-1-5-21-391775091-850290835-3566037492-1103","ObjectType":"Group"}],"Aces":[{"PrincipalSID":"S-1-5-21-391775091-850290835-3566037492-512","PrincipalType":"Group","RightName":"Owns","IsInherited":false},{"PrincipalSID":"S-1-5-21-391775091-850290835-3566037492-512","PrincipalType":"Group","RightName":"WriteDacl","IsInherited":false},{"PrincipalSID":"S-1-5-21-391775091-850290835-3566037492-512","PrincipalType":"Group","RightName":"WriteOwner","IsInherited":false},{"PrincipalSID":"S-1-5-21-391775091-850290835-3566037492-519","PrincipalType":"Group","RightName":"GenericAll","IsInherited":true},{"PrincipalSID":"MEGABANK.LOCAL-S-1-5-32-544","PrincipalType":"Group","RightName":"WriteDacl","IsInherited":true},{"PrincipalSID":"MEGABANK.LOCAL-S-1-5-32-544","PrincipalType":"Group","RightName":"WriteOwner","IsInherited":true}],"ObjectIdentifier":"ED111F21-DA9B-4878-99E3-7822FC4A7877","IsDeleted":false,"IsACLProtected":false},{"Properties":{"domain":"MEGABANK.LOCAL","name":"MEETINGS@MEGABANK.LOCAL","distinguishedname":"CN=MEETINGS,CN=SYSTEM,DC=MEGABANK,DC=LOCAL","domainsid":"S-1-5-21-391775091-850290835-3566037492","highvalue":false},"ChildObjects":[],"Aces":[{"PrincipalSID":"S-1-5-21-391775091-850290835-3566037492-512","PrincipalType":"Group","RightName":"Owns","IsInherited":false},{"PrincipalSID":"S-1-5-21-391775091-850290835-3566037492-512","PrincipalType":"Group","RightName":"WriteDacl","IsInherited":false},{"PrincipalSID":"S-1-5-21-391775091-850290835-3566037492-512","PrincipalType":"Group","RightName":"WriteOwner","IsInherited":false},{"PrincipalSID":"S-1-5-21-391775091-850290835-3566037492-519","PrincipalType":"Group","RightName":"GenericAll","IsInherited":true},{"PrincipalSID":"MEGABANK.LOCAL-S-1-5-32-544","PrincipalType":"Group","RightName":"WriteDacl","IsInherited":true},{"PrincipalSID":"MEGABANK.LOCAL-S-1-5-32-544","PrincipalType":"Group","RightName":"WriteOwner","IsInherited":true}],"ObjectIdentifier":"E83B0098-C890-4553-B400-ECFF50EC2E71","IsDeleted":false,"IsACLProtected":false},{"Properties":{"domain":"MEGABANK.LOCAL","name":"MANAGED SERVICE ACCOUNTS@MEGABANK.LOCAL","distinguishedname":"CN=MANAGED SERVICE ACCOUNTS,DC=MEGABANK,DC=LOCAL","domainsid":"S-1-5-21-391775091-850290835-3566037492","highvalue":false},"ChildObjects":[],"Aces":[{"PrincipalSID":"S-1-5-21-391775091-850290835-3566037492-512","PrincipalType":"Group","RightName":"Owns","IsInherited":false},{"PrincipalSID":"S-1-5-21-391775091-850290835-3566037492-512","PrincipalType":"Group","RightName":"WriteDacl","IsInherited":false},{"PrincipalSID":"S-1-5-21-391775091-850290835-3566037492-512","PrincipalType":"Group","RightName":"WriteOwner","IsInherited":false},{"PrincipalSID":"S-1-5-21-391775091-850290835-3566037492-519","PrincipalType":"Group","RightName":"GenericAll","IsInherited":true},{"PrincipalSID":"MEGABANK.LOCAL-S-1-5-32-544","PrincipalType":"Group","RightName":"WriteDacl","IsInherited":true},{"PrincipalSID":"MEGABANK.LOCAL-S-1-5-32-544","PrincipalType":"Group","RightName":"WriteOwner","IsInherited":true}],"ObjectIdentifier":"A4396113-2462-4923-8A7D-43E0F37541A6","IsDeleted":false,"IsACLProtected":false}],"meta":{"methods":29675,"type":"containers","count":21,"version":5}}