﻿{"data":[{"Properties":{"domain":"MEGABANK.LOCAL","name":"DEFAULT DOMAIN POLICY@MEGABANK.LOCAL","distinguishedname":"CN={31B2F340-016D-11D2-945F-00C04FB984F9},CN=POLICIES,CN=SYSTEM,DC=MEGABANK,DC=LOCAL","domainsid":"S-1-5-21-391775091-850290835-3566037492","highvalue":false,"description":null,"whencreated":1577973921,"gpcpath":"\\\\MEGABANK.LOCAL\\SYSVOL\\MEGABANK.LOCAL\\POLICIES\\{31B2F340-016D-11D2-945F-00C04FB984F9}"},"Aces":[{"PrincipalSID":"S-1-5-21-391775091-850290835-3566037492-512","PrincipalType":"Group","RightName":"Owns","IsInherited":false},{"PrincipalSID":"S-1-5-21-391775091-850290835-3566037492-512","PrincipalType":"Group","RightName":"WriteDacl","IsInherited":false},{"PrincipalSID":"S-1-5-21-391775091-850290835-3566037492-512","PrincipalType":"Group","RightName":"WriteOwner","IsInherited":false},{"PrincipalSID":"S-1-5-21-391775091-850290835-3566037492-512","PrincipalType":"Group","RightName":"GenericWrite","IsInherited":false},{"PrincipalSID":"S-1-5-21-391775091-850290835-3566037492-512","PrincipalType":"Group","RightName":"WriteDacl","IsInherited":false},{"PrincipalSID":"S-1-5-21-391775091-850290835-3566037492-512","PrincipalType":"Group","RightName":"WriteOwner","IsInherited":false},{"PrincipalSID":"S-1-5-21-391775091-850290835-3566037492-512","PrincipalType":"Group","RightName":"GenericWrite","IsInherited":false},{"PrincipalSID":"S-1-5-21-391775091-850290835-3566037492-519","PrincipalType":"Group","RightName":"WriteDacl","IsInherited":false},{"PrincipalSID":"S-1-5-21-391775091-850290835-3566037492-519","PrincipalType":"Group","RightName":"WriteOwner","IsInherited":false},{"PrincipalSID":"S-1-5-21-391775091-850290835-3566037492-519","PrincipalType":"Group","RightName":"GenericWrite","IsInherited":false}],"ObjectIdentifier":"532EAF40-61D4-418F-A25C-390BBCA3C79A","IsDeleted":false,"IsACLProtected":true},{"Properties":{"domain":"MEGABANK.LOCAL","name":"DEFAULT DOMAIN CONTROLLERS POLICY@MEGABANK.LOCAL","distinguishedname":"CN={6AC1786C-016F-11D2-945F-00C04FB984F9},CN=POLICIES,CN=SYSTEM,DC=MEGABANK,DC=LOCAL","domainsid":"S-1-5-21-391775091-850290835-3566037492","highvalue":false,"description":null,"whencreated":1577973921,"gpcpath":"\\\\MEGABANK.LOCAL\\SYSVOL\\MEGABANK.LOCAL\\POLICIES\\{6AC1786C-016F-11D2-945F-00C04FB984F9}"},"Aces":[{"PrincipalSID":"S-1-5-21-391775091-850290835-3566037492-512","PrincipalType":"Group","RightName":"Owns","IsInherited":false},{"PrincipalSID":"S-1-5-21-391775091-850290835-3566037492-512","PrincipalType":"Group","RightName":"WriteDacl","IsInherited":false},{"PrincipalSID":"S-1-5-21-391775091-850290835-3566037492-512","PrincipalType":"Group","RightName":"WriteOwner","IsInherited":false},{"PrincipalSID":"S-1-5-21-391775091-850290835-3566037492-512","PrincipalType":"Group","RightName":"GenericWrite","IsInherited":false},{"PrincipalSID":"S-1-5-21-391775091-850290835-3566037492-512","PrincipalType":"Group","RightName":"WriteDacl","IsInherited":false},{"PrincipalSID":"S-1-5-21-391775091-850290835-3566037492-512","PrincipalType":"Group","RightName":"WriteOwner","IsInherited":false},{"PrincipalSID":"S-1-5-21-391775091-850290835-3566037492-512","PrincipalType":"Group","RightName":"GenericWrite","IsInherited":false},{"PrincipalSID":"S-1-5-21-391775091-850290835-3566037492-519","PrincipalType":"Group","RightName":"WriteDacl","IsInherited":false},{"PrincipalSID":"S-1-5-21-391775091-850290835-3566037492-519","PrincipalType":"Group","RightName":"WriteOwner","IsInherited":false},{"PrincipalSID":"S-1-5-21-391775091-850290835-3566037492-519","PrincipalType":"Group","RightName":"GenericWrite","IsInherited":false}],"ObjectIdentifier":"566407C0-4E32-4DC5-B3D0-ED8B7F6CF975","IsDeleted":false,"IsACLProtected":true}],"meta":{"methods":29675,"type":"gpos","count":2,"version":5}}