﻿{"data":[{"GPOChanges":{"LocalAdmins":[],"RemoteDesktopUsers":[],"DcomUsers":[],"PSRemoteUsers":[],"AffectedComputers":[]},"Properties":{"domain":"MEGABANK.LOCAL","name":"MEGABANK.LOCAL","distinguishedname":"DC=MEGABANK,DC=LOCAL","domainsid":"S-1-5-21-391775091-850290835-3566037492","highvalue":true,"description":null,"whencreated":1577973915,"functionallevel":"2016"},"ChildObjects":[{"ObjectIdentifier":"E1361E19-2748-4173-B494-5C927703423B","ObjectType":"Container"},{"ObjectIdentifier":"69CD4100-9DDD-4F9A-A116-B9C4659BF311","ObjectType":"OU"},{"ObjectIdentifier":"80B1280A-4604-4CBB-8EB1-B05DDA0BA6CC","ObjectType":"Container"},{"ObjectIdentifier":"3592415D-0938-4D9B-807E-7E8993E5BFF1","ObjectType":"OU"},{"ObjectIdentifier":"A4396113-2462-4923-8A7D-43E0F37541A6","ObjectType":"Container"},{"ObjectIdentifier":"C8782E26-A465-41E5-9BF7-1BB084F77CA8","ObjectType":"OU"},{"ObjectIdentifier":"F39959ED-ACC1-435B-A91E-08E15999E885","ObjectType":"OU"},{"ObjectIdentifier":"2679454F-837D-4F1E-B446-DE7A341FB5D1","ObjectType":"OU"},{"ObjectIdentifier":"ED111F21-DA9B-4878-99E3-7822FC4A7877","ObjectType":"Container"}],"Trusts":[],"Links":[{"IsEnforced":false,"GUID":"532EAF40-61D4-418F-A25C-390BBCA3C79A"}],"Aces":[{"PrincipalSID":"MEGABANK.LOCAL-S-1-5-32-544","PrincipalType":"Group","RightName":"Owns","IsInherited":false},{"PrincipalSID":"MEGABANK.LOCAL-S-1-5-32-544","PrincipalType":"Group","RightName":"WriteDacl","IsInherited":false},{"PrincipalSID":"MEGABANK.LOCAL-S-1-5-32-544","PrincipalType":"Group","RightName":"WriteOwner","IsInherited":false},{"PrincipalSID":"MEGABANK.LOCAL-S-1-5-32-544","PrincipalType":"Group","RightName":"AllExtendedRights","IsInherited":false},{"PrincipalSID":"S-1-5-21-391775091-850290835-3566037492-512","PrincipalType":"Group","RightName":"WriteDacl","IsInherited":false},{"PrincipalSID":"S-1-5-21-391775091-850290835-3566037492-512","PrincipalType":"Group","RightName":"WriteOwner","IsInherited":false},{"PrincipalSID":"S-1-5-21-391775091-850290835-3566037492-512","PrincipalType":"Group","RightName":"AllExtendedRights","IsInherited":false},{"PrincipalSID":"S-1-5-21-391775091-850290835-3566037492-519","PrincipalType":"Group","RightName":"GenericAll","IsInherited":false},{"PrincipalSID":"MEGABANK.LOCAL-S-1-5-9","PrincipalType":"Group","RightName":"GetChanges","IsInherited":false},{"PrincipalSID":"MEGABANK.LOCAL-S-1-5-9","PrincipalType":"Group","RightName":"GetChangesInFilteredSet","IsInherited":false},{"PrincipalSID":"MEGABANK.LOCAL-S-1-5-32-544","PrincipalType":"Group","RightName":"GetChanges","IsInherited":false},{"PrincipalSID":"MEGABANK.LOCAL-S-1-5-32-544","PrincipalType":"Group","RightName":"GetChangesAll","IsInherited":false},{"PrincipalSID":"MEGABANK.LOCAL-S-1-5-32-544","PrincipalType":"Group","RightName":"GetChangesInFilteredSet","IsInherited":false},{"PrincipalSID":"S-1-5-21-391775091-850290835-3566037492-498","PrincipalType":"Group","RightName":"GetChanges","IsInherited":false},{"PrincipalSID":"S-1-5-21-391775091-850290835-3566037492-516","PrincipalType":"Group","RightName":"GetChangesAll","IsInherited":false}],"ObjectIdentifier":"S-1-5-21-391775091-850290835-3566037492","IsDeleted":false,"IsACLProtected":false}],"meta":{"methods":29675,"type":"domains","count":1,"version":5}}